yr,mody,vic,nsw,qld,wa,sa,tas,act,nt,total
2021,Sep 6 ,245 ,1282 ,5 ,1 ,1 ,0 ,15 ,0 ,1545 
2021,Sep 5 ,183 ,1459 ,0 ,0 ,1 ,0 ,32 ,0 ,1658 
2021,Sep 4 ,189 ,1516 ,2 ,0 ,2 ,0 ,18 ,0 ,1741 
2021,Sep 3 ,209 ,1416 ,0 ,0 ,2 ,0 ,12 ,0 ,1645 
2021,Sep 2 ,174 ,1280 ,2 ,0 ,4 ,0 ,23 ,0 ,1472 
2021,Sep 1 ,116 ,1102 ,1 ,0 ,0 ,0 ,13 ,0 ,1242 
2021,Aug 31 ,75 ,1151 ,0 ,0 ,0 ,0 ,12 ,0 ,1239 
2021,Aug 30 ,70 ,1272 ,1 ,0 ,0 ,0 ,13 ,1 ,1356 
2021,Aug 29 ,92 ,1213 ,1 ,0 ,0 ,0 ,26 ,0 ,1319 
2021,Aug 28 ,63 ,1026 ,4 ,2 ,1 ,0 ,21 ,0 ,1122 
2021,Aug 27 ,78 ,875 ,1 ,0 ,0 ,0 ,14 ,0 ,975 
2021,Aug 26 ,79 ,1016 ,2 ,0 ,0 ,0 ,9 ,1 ,1112 
2021,Aug 25 ,41 ,910 ,-2 ,20 ,0 ,0 ,30 ,0 ,978 
2021,Aug 24 ,51 ,745 ,6 ,0 ,0 ,0 ,16 ,0 ,832 
2021,Aug 23 ,71 ,803 ,2 ,1 ,1 ,0 ,19 ,0 ,894 
2021,Aug 22 ,66 ,824 ,0 ,0 ,0 ,0 ,8 ,0 ,909 
2021,Aug 21 ,61 ,820 ,2 ,0 ,0 ,0 ,11 ,0 ,891 
2021,Aug 20 ,57 ,636 ,1 ,1 ,0 ,0 ,16 ,0 ,706 
2021,Aug 19 ,57 ,674 ,0 ,0 ,1 ,0 ,22 ,0 ,748 
2021,Aug 18 ,23 ,627 ,4 ,1 ,0 ,0 ,17 ,0 ,677 
2021,Aug 17 ,25 ,438 ,2 ,0 ,0 ,0 ,19 ,0 ,482 
2021,Aug 16 ,22 ,475 ,0 ,2 ,0 ,0 ,2 ,1 ,519 
2021,Aug 15 ,25 ,411 ,0 ,0 ,0 ,0 ,2 ,0 ,438 
2021,Aug 14 ,21 ,463 ,7 ,0 ,0 ,0 ,4 ,0 ,493 
2021,Aug 13 ,15 ,384 ,8 ,0 ,0 ,0 ,1 ,0 ,411 
2021,Aug 12 ,27 ,343 ,11 ,0 ,0 ,0 ,0 ,0 ,382 
2021,Aug 11 ,15 ,345 ,3 ,0 ,0 ,0 ,0 ,0 ,363 
2021,Aug 10 ,20 ,356 ,3 ,0 ,0 ,0 ,0 ,0 ,379 
2021,Aug 9 ,11 ,284 ,5 ,0 ,0 ,0 ,0 ,0 ,300 
2021,Aug 8 ,13 ,261 ,9 ,0 ,2 ,0 ,0 ,0 ,285 
2021,Aug 7 ,29 ,315 ,13 ,0 ,0 ,0 ,0 ,0 ,357 
2021,Aug 6 ,6 ,286 ,10 ,0 ,0 ,1 ,0 ,1 ,304 
2021,Aug 5 ,7 ,262 ,27 ,1 ,0 ,0 ,0 ,0 ,297 
2021,Aug 4 ,0 ,232 ,19 ,0 ,3 ,0 ,0 ,0 ,254 
2021,Aug 3 ,5 ,201 ,16 ,0 ,0 ,0 ,0 ,0 ,222 
2021,Aug 2 ,2 ,207 ,15 ,1 ,1 ,0 ,0 ,1 ,227 
2021,Aug 1 ,4 ,239 ,9 ,0 ,3 ,0 ,0 ,0 ,255 
2021,Jul 31 ,2 ,211 ,7 ,0 ,0 ,0 ,0 ,0 ,220 
2021,Jul 30 ,3 ,172 ,2 ,0 ,0 ,0 ,0 ,0 ,177 
2021,Jul 29 ,7 ,238 ,1 ,6 ,2 ,0 ,0 ,5 ,259 
2021,Jul 28 ,8 ,176 ,20 ,1 ,0 ,0 ,0 ,0 ,205 
2021,Jul 27 ,10 ,175 ,0 ,2 ,0 ,0 ,0 ,0 ,187 
2021,Jul 26 ,12 ,150 ,0 ,0 ,2 ,0 ,0 ,0 ,164 
2021,Jul 25 ,11 ,141 ,7 ,0 ,3 ,0 ,0 ,0 ,162 
2021,Jul 24 ,12 ,159 ,0 ,0 ,1 ,0 ,0 ,1 ,173 
2021,Jul 23 ,14 ,135 ,2 ,0 ,4 ,0 ,0 ,0 ,155 
2021,Jul 22 ,28 ,124 ,0 ,0 ,6 ,0 ,0 ,0 ,158 
2021,Jul 21 ,23 ,112 ,0 ,2 ,3 ,0 ,0 ,0 ,140 
2021,Jul 20 ,16 ,79 ,5 ,8 ,4 ,0 ,0 ,0 ,112 
2021,Jul 19 ,13 ,100 ,2 ,1 ,3 ,0 ,0 ,0 ,119 
2021,Jul 18 ,18 ,109 ,0 ,0 ,0 ,0 ,0 ,0 ,127 
2021,Jul 17 ,20 ,117 ,1 ,1 ,0 ,0 ,0 ,0 ,139 
2021,Jul 16 ,10 ,98 ,1 ,0 ,6 ,0 ,0 ,1 ,116 
2021,Jul 15 ,10 ,67 ,5 ,0 ,2 ,0 ,0 ,1 ,85 
2021,Jul 14 ,2 ,99 ,5 ,0 ,2 ,0 ,0 ,0 ,108 
2021,Jul 13 ,3 ,93 ,3 ,0 ,0 ,0 ,0 ,0 ,99 
2021,Jul 12 ,0 ,116 ,1 ,1 ,2 ,0 ,0 ,1 ,121 
2021,Jul 11 ,0 ,82 ,1 ,2 ,1 ,0 ,0 ,0 ,86 
2021,Jul 10 ,3 ,52 ,5 ,0 ,2 ,0 ,0 ,0 ,62 
2021,Jul 9 ,1 ,45 ,0 ,0 ,2 ,0 ,0 ,2 ,50 
2021,Jul 8 ,0 ,39 ,3 ,0 ,1 ,0 ,0 ,1 ,44 
2021,Jul 7 ,0 ,28 ,1 ,0 ,0 ,0 ,0 ,0 ,29 
2021,Jul 6 ,2 ,18 ,6 ,3 ,0 ,0 ,0 ,0 ,29 
2021,Jul 5 ,2 ,37 ,6 ,0 ,1 ,0 ,0 ,0 ,46 
2021,Jul 4 ,1 ,16 ,3 ,1 ,2 ,0 ,0 ,0 ,23 
2021,Jul 3 ,0 ,40 ,8 ,0 ,1 ,0 ,0 ,0 ,49 
2021,Jul 2 ,2 ,32 ,5 ,1 ,2 ,0 ,0 ,0 ,42 
2021,Jul 1 ,-1 ,28 ,4 ,1 ,0 ,0 ,0 ,1 ,33 
2021,Jun 30 ,2 ,28 ,4 ,3 ,11 ,0 ,0 ,0 ,48 
2021,Jun 29 ,2 ,20 ,6 ,2 ,2 ,0 ,0 ,2 ,34 
2021,Jun 28 ,2 ,22 ,3 ,1 ,0 ,0 ,0 ,1 ,29 
2021,Jun 27 ,1 ,32 ,3 ,0 ,3 ,0 ,0 ,3 ,42 
2021,Jun 26 ,3 ,28 ,1 ,0 ,2 ,0 ,0 ,1 ,35 
2021,Jun 25 ,2 ,12 ,2 ,0 ,-3 ,0 ,0 ,0 ,13 
2021,Jun 24 ,4 ,19 ,3 ,1 ,4 ,0 ,0 ,0 ,31 
2021,Jun 23 ,0 ,10 ,1 ,0 ,0 ,0 ,0 ,1 ,12 
2021,Jun 22 ,2 ,5 ,3 ,0 ,0 ,0 ,0 ,0 ,10 
2021,Jun 21 ,9 ,8 ,5 ,0 ,3 ,0 ,0 ,0 ,25 
2021,Jun 20 ,2 ,5 ,1 ,0 ,0 ,0 ,0 ,0 ,8 
2021,Jun 19 ,3 ,6 ,0 ,0 ,1 ,0 ,0 ,0 ,10 
2021,Jun 18 ,2 ,2 ,3 ,0 ,3 ,0 ,0 ,1 ,11 
2021,Jun 17 ,1 ,3 ,6 ,0 ,1 ,0 ,0 ,0 ,11 
2021,Jun 16 ,9 ,3 ,0 ,1 ,4 ,0 ,0 ,0 ,17 
2021,Jun 15 ,3 ,4 ,3 ,1 ,1 ,0 ,0 ,0 ,12 
2021,Jun 14 ,6 ,6 ,2 ,0 ,0 ,0 ,0 ,0 ,14 
2021,Jun 13 ,0 ,1 ,8 ,0 ,1 ,0 ,0 ,1 ,11 
2021,Jun 12 ,4 ,1 ,0 ,0 ,3 ,0 ,0 ,0 ,8 
2021,Jun 11 ,1 ,1 ,0 ,0 ,1 ,0 ,0 ,0 ,3 
2021,Jun 10 ,4 ,3 ,8 ,0 ,1 ,0 ,0 ,0 ,16 
2021,Jun 9 ,1 ,4 ,1 ,0 ,0 ,0 ,0 ,0 ,6 
2021,Jun 8 ,3 ,3 ,1 ,0 ,2 ,0 ,0 ,1 ,10 
2021,Jun 7 ,11 ,5 ,0 ,0 ,3 ,0 ,0 ,0 ,19 
2021,Jun 6 ,8 ,5 ,2 ,0 ,2 ,0 ,0 ,0 ,17 
2021,Jun 5 ,6 ,0 ,1 ,0 ,1 ,0 ,0 ,0 ,8 
2021,Jun 4 ,4 ,0 ,8 ,0 ,1 ,0 ,0 ,0 ,13 
2021,Jun 3 ,3 ,2 ,2 ,0 ,0 ,0 ,0 ,0 ,7 
2021,Jun 2 ,5 ,1 ,1 ,-1 ,6 ,0 ,0 ,0 ,12 
2021,Jun 1 ,11 ,0 ,0 ,1 ,0 ,0 ,0 ,0 ,12 
2021,May 31 ,5 ,2 ,0 ,1 ,0 ,0 ,0 ,0 ,8 
2021,May 30 ,6 ,5 ,2 ,0 ,2 ,0 ,0 ,0 ,15 
2021,May 29 ,7 ,1 ,1 ,0 ,0 ,0 ,0 ,1 ,10 
2021,May 28 ,5 ,3 ,2 ,0 ,0 ,0 ,0 ,0 ,10 
2021,May 27 ,12 ,0 ,2 ,0 ,0 ,0 ,0 ,1 ,15 
2021,May 26 ,10 ,2 ,4 ,0 ,2 ,0 ,0 ,0 ,18 
2021,May 25 ,4 ,2 ,2 ,0 ,1 ,0 ,0 ,0 ,9 
2021,May 24 ,2 ,2 ,4 ,1 ,1 ,0 ,0 ,0 ,10 
2021,May 23 ,1 ,2 ,4 ,0 ,0 ,0 ,0 ,0 ,7 
2021,May 22 ,0 ,1 ,2 ,0 ,0 ,0 ,0 ,1 ,4 
2021,May 21 ,0 ,0 ,2 ,0 ,1 ,0 ,0 ,0 ,3 
2021,May 20 ,0 ,2 ,2 ,1 ,1 ,0 ,0 ,0 ,6 
2021,May 19 ,1 ,2 ,0 ,0 ,0 ,0 ,0 ,0 ,3 
2021,May 18 ,0 ,3 ,2 ,0 ,4 ,0 ,0 ,1 ,10 
2021,May 17 ,1 ,2 ,0 ,0 ,0 ,0 ,0 ,0 ,3 
2021,May 16 ,4 ,3 ,1 ,0 ,0 ,0 ,0 ,0 ,8 
2021,May 15 ,1 ,3 ,3 ,0 ,1 ,0 ,0 ,2 ,10 
2021,May 14 ,1 ,1 ,0 ,0 ,0 ,0 ,0 ,0 ,2 
2021,May 13 ,1 ,5 ,2 ,0 ,0 ,0 ,0 ,0 ,8 
2021,May 12 ,1 ,4 ,3 ,0 ,1 ,0 ,0 ,0 ,9 
2021,May 11 ,1 ,4 ,0 ,2 ,0 ,0 ,0 ,0 ,7 
2021,May 10 ,2 ,6 ,1 ,0 ,0 ,0 ,0 ,0 ,9 
2021,May 9 ,6 ,5 ,3 ,0 ,2 ,0 ,0 ,0 ,16 
2021,May 8 ,1 ,6 ,2 ,0 ,0 ,0 ,0 ,0 ,9 
2021,May 7 ,0 ,5 ,3 ,0 ,3 ,0 ,0 ,0 ,11 
2021,May 6 ,2 ,10 ,3 ,3 ,2 ,0 ,0 ,1 ,21 
2021,May 5 ,0 ,10 ,0 ,2 ,1 ,0 ,0 ,0 ,13 
2021,May 4 ,1 ,7 ,1 ,0 ,2 ,0 ,0 ,0 ,11 
2021,May 3 ,1 ,5 ,3 ,3 ,3 ,0 ,0 ,0 ,15 
2021,May 2 ,1 ,3 ,3 ,5 ,2 ,0 ,0 ,0 ,14 
2021,May 1 ,3 ,4 ,2 ,1 ,1 ,0 ,0 ,0 ,11 
2021,Apr 30 ,2 ,13 ,3 ,1 ,2 ,0 ,1 ,1 ,22 
2021,Apr 29 ,1 ,15 ,6 ,4 ,3 ,0 ,0 ,0 ,30 
2021,Apr 28 ,2 ,9 ,9 ,4 ,-1 ,0 ,0 ,1 ,24 
2021,Apr 27 ,4 ,12 ,9 ,4 ,1 ,0 ,0 ,0 ,30 
2021,Apr 26 ,0 ,8 ,3 ,0 ,14 ,0 ,0 ,4 ,29 
2021,Apr 25 ,1 ,1 ,2 ,2 ,1 ,0 ,0 ,1 ,8 
2021,Apr 24 ,2 ,1 ,3 ,2 ,1 ,0 ,0 ,10 ,19 
2021,Apr 23 ,2 ,18 ,4 ,0 ,1 ,0 ,0 ,12 ,37 
2021,Apr 22 ,2 ,5 ,1 ,2 ,9 ,0 ,0 ,5 ,24 
2021,Apr 21 ,3 ,8 ,1 ,2 ,2 ,0 ,0 ,3 ,19 
2021,Apr 20 ,1 ,3 ,0 ,3 ,3 ,0 ,0 ,6 ,16 
2021,Apr 19 ,4 ,8 ,0 ,2 ,6 ,0 ,0 ,4 ,24 
2021,Apr 18 ,0 ,6 ,2 ,6 ,0 ,0 ,0 ,0 ,14 
2021,Apr 17 ,2 ,7 ,1 ,1 ,4 ,0 ,0 ,6 ,21 
2021,Apr 16 ,0 ,7 ,6 ,1 ,1 ,0 ,0 ,0 ,15 
2021,Apr 15 ,5 ,9 ,1 ,1 ,2 ,0 ,0 ,0 ,18 
2021,Apr 14 ,0 ,3 ,2 ,7 ,1 ,0 ,0 ,1 ,14 
2021,Apr 13 ,0 ,5 ,2 ,3 ,8 ,0 ,0 ,0 ,18 
2021,Apr 12 ,2 ,9 ,2 ,1 ,0 ,0 ,0 ,0 ,14 
2021,Apr 11 ,0 ,6 ,0 ,2 ,1 ,0 ,0 ,0 ,9 
2021,Apr 10 ,1 ,4 ,1 ,0 ,0 ,0 ,0 ,0 ,6 
2021,Apr 9 ,0 ,2 ,1 ,0 ,2 ,0 ,0 ,0 ,5 
2021,Apr 8 ,0 ,2 ,3 ,0 ,1 ,0 ,0 ,0 ,6 
2021,Apr 7 ,0 ,6 ,6 ,1 ,1 ,0 ,0 ,0 ,14 
2021,Apr 6 ,0 ,7 ,-1 ,2 ,0 ,0 ,0 ,0 ,8 
2021,Apr 5 ,0 ,3 ,3 ,1 ,2 ,0 ,0 ,0 ,9 
2021,Apr 4 ,0 ,1 ,1 ,3 ,1 ,0 ,0 ,1 ,7 
2021,Apr 3 ,0 ,3 ,3 ,0 ,0 ,0 ,0 ,0 ,6 
2021,Apr 2 ,0 ,0 ,8 ,0 ,2 ,0 ,0 ,2 ,12 
2021,Apr 1 ,0 ,5 ,10 ,2 ,1 ,0 ,0 ,1 ,19 
2021,Mar 31 ,0 ,3 ,1 ,4 ,0 ,0 ,0 ,0 ,8 
2021,Mar 30 ,0 ,5 ,10 ,0 ,3 ,0 ,0 ,0 ,18 
2021,Mar 29 ,1 ,2 ,10 ,3 ,2 ,0 ,0 ,0 ,18 
2021,Mar 28 ,0 ,0 ,3 ,1 ,2 ,0 ,0 ,2 ,8 
2021,Mar 27 ,0 ,3 ,6 ,0 ,3 ,0 ,0 ,0 ,12 
2021,Mar 26 ,0 ,3 ,8 ,0 ,1 ,0 ,0 ,0 ,12 
2021,Mar 25 ,0 ,3 ,3 ,2 ,0 ,0 ,0 ,0 ,8 
2021,Mar 24 ,0 ,2 ,4 ,1 ,2 ,0 ,0 ,0 ,9 
2021,Mar 23 ,0 ,4 ,1 ,0 ,0 ,0 ,0 ,0 ,5 
2021,Mar 22 ,0 ,5 ,4 ,1 ,0 ,0 ,0 ,0 ,10 
2021,Mar 21 ,0 ,2 ,2 ,0 ,0 ,0 ,0 ,0 ,4 
2021,Mar 20 ,0 ,3 ,4 ,1 ,1 ,0 ,0 ,0 ,9 
2021,Mar 19 ,0 ,5 ,9 ,2 ,1 ,0 ,0 ,0 ,17 
2021,Mar 18 ,0 ,3 ,8 ,0 ,2 ,0 ,0 ,0 ,13 
2021,Mar 17 ,0 ,6 ,6 ,1 ,2 ,0 ,0 ,1 ,16 
2021,Mar 16 ,0 ,2 ,2 ,1 ,2 ,0 ,0 ,0 ,7 
2021,Mar 15 ,0 ,3 ,6 ,1 ,3 ,0 ,0 ,0 ,13 
2021,Mar 14 ,0 ,3 ,1 ,1 ,0 ,0 ,0 ,0 ,5 
2021,Mar 13 ,0 ,0 ,4 ,1 ,5 ,0 ,0 ,0 ,10 
2021,Mar 12 ,0 ,8 ,2 ,0 ,2 ,0 ,0 ,0 ,12 
2021,Mar 11 ,0 ,6 ,5 ,1 ,3 ,0 ,1 ,0 ,15 
2021,Mar 10 ,0 ,5 ,6 ,1 ,1 ,0 ,0 ,0 ,14 
2021,Mar 9 ,1 ,5 ,6 ,1 ,2 ,0 ,0 ,0 ,15 
2021,Mar 8 ,1 ,1 ,5 ,2 ,0 ,0 ,2 ,0 ,9 
2021,Mar 7 ,-1 ,2 ,3 ,1 ,0 ,0 ,0 ,0 ,7 
2021,Mar 6 ,1 ,3 ,4 ,2 ,0 ,0 ,0 ,0 ,10 
2021,Mar 5 ,0 ,11 ,2 ,0 ,0 ,0 ,0 ,0 ,13 
2021,Mar 4 ,0 ,4 ,7 ,0 ,0 ,0 ,2 ,0 ,11 
2021,Mar 3 ,0 ,6 ,0 ,1 ,1 ,0 ,0 ,0 ,10 
2021,Mar 2 ,0 ,3 ,4 ,0 ,1 ,0 ,0 ,0 ,8 
2021,Mar 1 ,0 ,3 ,2 ,0 ,3 ,0 ,0 ,0 ,8 
2021,Feb 28 ,0 ,5 ,0 ,0 ,0 ,0 ,0 ,0 ,5 
2021,Feb 27 ,0 ,6 ,1 ,0 ,0 ,0 ,0 ,0 ,7 
2021,Feb 26 ,2 ,4 ,4 ,0 ,0 ,0 ,0 ,1 ,11 
2021,Feb 25 ,0 ,7 ,1 ,0 ,0 ,0 ,0 ,0 ,8 
2021,Feb 24 ,0 ,1 ,0 ,0 ,1 ,0 ,0 ,0 ,2 
2021,Feb 23 ,0 ,4 ,0 ,1 ,2 ,0 ,0 ,0 ,7 
2021,Feb 22 ,0 ,1 ,2 ,1 ,0 ,0 ,0 ,0 ,4 
2021,Feb 21 ,0 ,3 ,0 ,1 ,2 ,0 ,0 ,0 ,6 
2021,Feb 20 ,0 ,1 ,0 ,0 ,0 ,0 ,0 ,1 ,2 
2021,Feb 19 ,3 ,2 ,1 ,0 ,0 ,0 ,0 ,0 ,6 
2021,Feb 18 ,1 ,0 ,0 ,0 ,0 ,0 ,0 ,0 ,1 
2021,Feb 17 ,0 ,4 ,0 ,0 ,2 ,0 ,0 ,0 ,6 
2021,Feb 16 ,4 ,1 ,0 ,0 ,0 ,0 ,0 ,0 ,5 
2021,Feb 15 ,2 ,0 ,0 ,0 ,0 ,0 ,0 ,0 ,2 
2021,Feb 14 ,3 ,2 ,0 ,0 ,0 ,0 ,0 ,1 ,6 
2021,Feb 13 ,1 ,2 ,2 ,0 ,0 ,0 ,0 ,0 ,5 
2021,Feb 12 ,5 ,2 ,1 ,0 ,0 ,0 ,0 ,0 ,8 
2021,Feb 11 ,2 ,3 ,1 ,1 ,1 ,0 ,0 ,0 ,8 
2021,Feb 10 ,2 ,4 ,1 ,2 ,2 ,0 ,0 ,0 ,11 
2021,Feb 9 ,0 ,2 ,1 ,0 ,0 ,0 ,0 ,0 ,3 
2021,Feb 8 ,1 ,3 ,2 ,0 ,1 ,0 ,0 ,0 ,7 
2021,Feb 7 ,-1 ,1 ,1 ,0 ,0 ,0 ,0 ,1 ,2 
2021,Feb 6 ,0 ,2 ,2 ,0 ,0 ,0 ,0 ,2 ,6 
2021,Feb 5 ,4 ,0 ,-2 ,1 ,1 ,0 ,0 ,0 ,4 
2021,Feb 4 ,3 ,3 ,0 ,2 ,0 ,0 ,0 ,1 ,9 
2021,Feb 3 ,-1 ,2 ,0 ,0 ,4 ,0 ,0 ,0 ,5 
2021,Feb 2 ,1 ,2 ,1 ,1 ,1 ,0 ,0 ,0 ,6 
2021,Feb 1 ,1 ,6 ,0 ,1 ,-1 ,0 ,0 ,0 ,7 
2021,Jan 31 ,0 ,3 ,1 ,0 ,1 ,0 ,0 ,0 ,5 
2021,Jan 30 ,1 ,2 ,0 ,3 ,0 ,0 ,0 ,0 ,6 
2021,Jan 29 ,0 ,3 ,2 ,1 ,0 ,0 ,0 ,0 ,6 
2021,Jan 28 ,3 ,3 ,1 ,1 ,0 ,0 ,0 ,0 ,8 
2021,Jan 27 ,1 ,2 ,1 ,2 ,0 ,0 ,0 ,0 ,6 
2021,Jan 26 ,1 ,1 ,0 ,1 ,0 ,0 ,0 ,0 ,3 
2021,Jan 25 ,6 ,3 ,2 ,0 ,0 ,0 ,0 ,0 ,11 
2021,Jan 24 ,0 ,3 ,0 ,2 ,0 ,0 ,0 ,0 ,5 
2021,Jan 23 ,2 ,1 ,0 ,2 ,0 ,0 ,0 ,1 ,6 
2021,Jan 22 ,1 ,-1 ,3 ,2 ,0 ,0 ,0 ,0 ,5 
2021,Jan 21 ,1 ,5 ,1 ,0 ,2 ,0 ,0 ,1 ,10 
2021,Jan 20 ,2 ,3 ,2 ,0 ,1 ,0 ,0 ,2 ,10 
2021,Jan 19 ,2 ,2 ,3 ,1 ,0 ,0 ,0 ,1 ,9 
2021,Jan 18 ,4 ,8 ,1 ,0 ,0 ,0 ,0 ,0 ,13 
2021,Jan 17 ,7 ,9 ,2 ,1 ,0 ,0 ,0 ,0 ,19 
2021,Jan 16 ,3 ,12 ,1 ,2 ,2 ,0 ,0 ,0 ,20 
2021,Jan 15 ,2 ,2 ,3 ,3 ,1 ,0 ,0 ,0 ,11 
2021,Jan 14 ,-2 ,2 ,4 ,2 ,0 ,0 ,0 ,2 ,8 
2021,Jan 13 ,3 ,7 ,2 ,1 ,2 ,0 ,0 ,1 ,16 
2021,Jan 12 ,0 ,16 ,3 ,1 ,0 ,0 ,0 ,0 ,20 
2021,Jan 11 ,1 ,11 ,4 ,2 ,1 ,0 ,0 ,0 ,19 
2021,Jan 10 ,6 ,6 ,0 ,0 ,0 ,0 ,0 ,1 ,13 
2021,Jan 9 ,1 ,6 ,0 ,1 ,2 ,0 ,0 ,1 ,11 
2021,Jan 8 ,1 ,11 ,9 ,0 ,3 ,0 ,0 ,0 ,24 
2021,Jan 7 ,0 ,6 ,2 ,2 ,0 ,0 ,0 ,1 ,11 
2021,Jan 6 ,3 ,5 ,1 ,3 ,1 ,0 ,0 ,0 ,13 
2021,Jan 5 ,4 ,8 ,2 ,1 ,-2 ,0 ,0 ,6 ,19 
2021,Jan 4 ,4 ,7 ,5 ,1 ,4 ,0 ,0 ,0 ,21 
2021,Jan 3 ,3 ,11 ,0 ,1 ,-1 ,0 ,0 ,0 ,14 
2021,Jan 2 ,12 ,19 ,2 ,3 ,0 ,0 ,0 ,6 ,42 
2021,Jan 1 ,8 ,5 ,0 ,2 ,4 ,0 ,0 ,0 ,19 
2020,Dec 31 ,3 ,17 ,3 ,2 ,1 ,0 ,0 ,1 ,27 
2020,Dec 30 ,1 ,25 ,2 ,0 ,3 ,0 ,0 ,0 ,31 
2020,Dec 29 ,0 ,9 ,2 ,1 ,0 ,0 ,0 ,1 ,13 
2020,Dec 28 ,2 ,14 ,5 ,3 ,1 ,0 ,0 ,0 ,25 
2020,Dec 27 ,1 ,11 ,0 ,2 ,2 ,0 ,0 ,0 ,16 
2020,Dec 26 ,0 ,15 ,1 ,5 ,-1 ,0 ,0 ,0 ,20 
2020,Dec 25 ,0 ,9 ,2 ,1 ,2 ,0 ,0 ,0 ,14 
2020,Dec 24 ,0 ,18 ,2 ,1 ,2 ,0 ,0 ,1 ,24 
2020,Dec 23 ,1 ,16 ,1 ,0 ,0 ,0 ,0 ,1 ,19 
2020,Dec 22 ,3 ,18 ,0 ,0 ,0 ,0 ,0 ,0 ,21 
2020,Dec 21 ,1 ,23 ,1 ,1 ,0 ,0 ,1 ,0 ,26 
2020,Dec 20 ,2 ,36 ,2 ,0 ,3 ,0 ,0 ,0 ,44 
2020,Dec 19 ,2 ,30 ,0 ,1 ,0 ,0 ,0 ,2 ,35 
2020,Dec 18 ,1 ,16 ,2 ,1 ,0 ,0 ,0 ,1 ,21 
2020,Dec 17 ,0 ,9 ,1 ,1 ,0 ,0 ,0 ,2 ,13 
2020,Dec 16 ,0 ,7 ,1 ,4 ,0 ,0 ,0 ,0 ,12 
2020,Dec 15 ,-1 ,5 ,1 ,1 ,0 ,0 ,0 ,2 ,8 
2020,Dec 14 ,1 ,3 ,1 ,1 ,1 ,0 ,0 ,1 ,8 
2020,Dec 13 ,1 ,3 ,0 ,1 ,0 ,0 ,0 ,1 ,6 
2020,Dec 12 ,5 ,6 ,1 ,1 ,0 ,0 ,0 ,0 ,13 
2020,Dec 11 ,0 ,9 ,0 ,2 ,0 ,0 ,0 ,0 ,11 
2020,Dec 10 ,0 ,2 ,4 ,0 ,0 ,1 ,0 ,1 ,8 
2020,Dec 9 ,0 ,2 ,0 ,1 ,0 ,3 ,0 ,0 ,6 
2020,Dec 8 ,0 ,6 ,6 ,1 ,0 ,0 ,0 ,2 ,15 
2020,Dec 7 ,0 ,4 ,3 ,0 ,0 ,0 ,0 ,0 ,7 
2020,Dec 6 ,0 ,5 ,2 ,2 ,0 ,0 ,0 ,0 ,9 
2020,Dec 5 ,0 ,2 ,2 ,3 ,0 ,0 ,0 ,0 ,7 
2020,Dec 4 ,0 ,6 ,2 ,2 ,0 ,0 ,0 ,0 ,10 
2020,Dec 3 ,0 ,9 ,1 ,0 ,0 ,0 ,0 ,6 ,16 
2020,Dec 2 ,0 ,6 ,3 ,2 ,0 ,0 ,0 ,0 ,11 
2020,Dec 1 ,0 ,5 ,0 ,3 ,0 ,0 ,0 ,0 ,8 
2020,Nov 30 ,0 ,9 ,1 ,0 ,0 ,0 ,0 ,1 ,11 
2020,Nov 29 ,0 ,4 ,2 ,1 ,1 ,0 ,1 ,0 ,8 
2020,Nov 28 ,0 ,8 ,1 ,0 ,1 ,0 ,1 ,0 ,11 
2020,Nov 27 ,0 ,4 ,1 ,0 ,1 ,0 ,0 ,0 ,7 
2020,Nov 26 ,0 ,0 ,0 ,7 ,1 ,0 ,0 ,3 ,11 
2020,Nov 25 ,0 ,4 ,0 ,2 ,0 ,0 ,0 ,2 ,8 
2020,Nov 24 ,0 ,6 ,1 ,4 ,2 ,0 ,0 ,0 ,13 
2020,Nov 23 ,0 ,4 ,3 ,5 ,1 ,0 ,0 ,1 ,14 
2020,Nov 22 ,0 ,11 ,1 ,2 ,0 ,0 ,0 ,0 ,14 
2020,Nov 21 ,0 ,10 ,2 ,1 ,2 ,0 ,0 ,0 ,15 
2020,Nov 20 ,0 ,3 ,0 ,2 ,3 ,0 ,0 ,0 ,8 
2020,Nov 19 ,0 ,5 ,3 ,0 ,-1 ,0 ,1 ,0 ,7 
2020,Nov 18 ,0 ,7 ,1 ,6 ,2 ,0 ,0 ,0 ,17 
2020,Nov 17 ,0 ,4 ,1 ,0 ,5 ,0 ,0 ,0 ,10 
2020,Nov 16 ,0 ,3 ,0 ,1 ,18 ,0 ,0 ,0 ,22 
2020,Nov 15 ,0 ,9 ,0 ,4 ,4 ,0 ,0 ,0 ,17 
2020,Nov 14 ,0 ,4 ,2 ,0 ,2 ,0 ,0 ,0 ,8 
2020,Nov 13 ,0 ,-1 ,1 ,0 ,0 ,0 ,0 ,4 ,4 
2020,Nov 12 ,0 ,5 ,3 ,3 ,1 ,0 ,0 ,1 ,13 
2020,Nov 11 ,0 ,4 ,1 ,2 ,1 ,0 ,0 ,0 ,8 
2020,Nov 10 ,0 ,5 ,1 ,2 ,1 ,0 ,0 ,1 ,10 
2020,Nov 9 ,0 ,7 ,0 ,0 ,2 ,0 ,0 ,1 ,10 
2020,Nov 8 ,0 ,3 ,0 ,0 ,3 ,0 ,0 ,0 ,6 
2020,Nov 7 ,0 ,5 ,0 ,0 ,2 ,0 ,0 ,0 ,7 
2020,Nov 6 ,0 ,9 ,0 ,1 ,1 ,0 ,0 ,0 ,11 
2020,Nov 5 ,0 ,2 ,0 ,4 ,5 ,0 ,0 ,1 ,12 
2020,Nov 4 ,0 ,8 ,2 ,1 ,1 ,0 ,0 ,0 ,12 
2020,Nov 3 ,0 ,3 ,3 ,0 ,2 ,0 ,0 ,0 ,8 
2020,Nov 2 ,-1 ,7 ,0 ,1 ,0 ,0 ,0 ,0 ,7 
2020,Nov 1 ,-1 ,4 ,1 ,1 ,0 ,0 ,0 ,0 ,5 
2020,Oct 31 ,0 ,4 ,-1 ,1 ,4 ,0 ,0 ,0 ,8 
2020,Oct 30 ,3 ,6 ,1 ,1 ,1 ,0 ,0 ,1 ,13 
2020,Oct 29 ,2 ,5 ,2 ,1 ,1 ,0 ,0 ,4 ,15 
2020,Oct 28 ,1 ,8 ,2 ,1 ,1 ,0 ,0 ,0 ,13 
2020,Oct 27 ,0 ,12 ,0 ,2 ,0 ,0 ,0 ,0 ,14 
2020,Oct 26 ,-2 ,4 ,0 ,2 ,3 ,0 ,0 ,0 ,7 
2020,Oct 25 ,7 ,7 ,0 ,3 ,4 ,0 ,0 ,0 ,21 
2020,Oct 24 ,6 ,5 ,0 ,4 ,0 ,0 ,0 ,0 ,15 
2020,Oct 23 ,1 ,7 ,2 ,6 ,2 ,0 ,1 ,0 ,18 
2020,Oct 22 ,6 ,7 ,0 ,8 ,0 ,0 ,0 ,0 ,22 
2020,Oct 21 ,3 ,9 ,1 ,1 ,1 ,0 ,0 ,0 ,15 
2020,Oct 20 ,1 ,5 ,0 ,24 ,0 ,0 ,0 ,0 ,30 
2020,Oct 19 ,4 ,4 ,0 ,0 ,0 ,0 ,0 ,0 ,8 
2020,Oct 18 ,-2 ,5 ,0 ,3 ,2 ,0 ,0 ,0 ,8 
2020,Oct 17 ,0 ,7 ,0 ,2 ,3 ,0 ,0 ,0 ,12 
2020,Oct 16 ,2 ,5 ,2 ,0 ,0 ,0 ,0 ,0 ,9 
2020,Oct 15 ,4 ,11 ,1 ,5 ,0 ,0 ,0 ,0 ,21 
2020,Oct 14 ,6 ,14 ,0 ,1 ,3 ,0 ,0 ,0 ,24 
2020,Oct 13 ,10 ,13 ,0 ,7 ,1 ,0 ,0 ,0 ,31 
2020,Oct 12 ,14 ,6 ,0 ,2 ,0 ,0 ,0 ,0 ,22 
2020,Oct 11 ,12 ,4 ,0 ,2 ,2 ,0 ,0 ,0 ,20 
2020,Oct 10 ,12 ,2 ,1 ,0 ,0 ,0 ,0 ,0 ,15 
2020,Oct 9 ,10 ,10 ,0 ,2 ,1 ,0 ,0 ,0 ,23 
2020,Oct 8 ,10 ,12 ,0 ,2 ,0 ,0 ,0 ,0 ,24 
2020,Oct 7 ,4 ,3 ,0 ,1 ,0 ,0 ,0 ,0 ,8 
2020,Oct 6 ,13 ,11 ,0 ,0 ,1 ,0 ,0 ,0 ,25 
2020,Oct 5 ,11 ,1 ,0 ,1 ,0 ,0 ,0 ,0 ,13 
2020,Oct 4 ,12 ,2 ,0 ,0 ,1 ,0 ,0 ,0 ,15 
2020,Oct 3 ,6 ,1 ,0 ,1 ,0 ,0 ,0 ,0 ,8 
2020,Oct 2 ,8 ,4 ,3 ,0 ,2 ,0 ,0 ,0 ,17 
2020,Oct 1 ,14 ,3 ,0 ,1 ,0 ,0 ,0 ,0 ,18 
2020,Sep 30 ,11 ,4 ,0 ,0 ,0 ,0 ,0 ,0 ,15 
2020,Sep 29 ,9 ,2 ,0 ,8 ,0 ,0 ,0 ,0 ,19 
2020,Sep 28 ,4 ,0 ,0 ,0 ,0 ,0 ,0 ,0 ,4 
2020,Sep 27 ,16 ,0 ,1 ,7 ,0 ,0 ,0 ,0 ,24 
2020,Sep 26 ,11 ,1 ,3 ,1 ,0 ,0 ,0 ,0 ,16 
2020,Sep 25 ,13 ,4 ,0 ,0 ,0 ,0 ,0 ,0 ,17 
2020,Sep 24 ,5 ,1 ,0 ,3 ,0 ,0 ,0 ,0 ,9 
2020,Sep 23 ,24 ,6 ,0 ,0 ,2 ,0 ,0 ,0 ,32 
2020,Sep 22 ,25 ,2 ,0 ,3 ,0 ,0 ,0 ,0 ,30 
2020,Sep 21 ,9 ,4 ,1 ,0 ,0 ,0 ,0 ,0 ,14 
2020,Sep 20 ,8 ,2 ,2 ,1 ,0 ,0 ,0 ,0 ,13 
2020,Sep 19 ,22 ,2 ,0 ,0 ,0 ,0 ,0 ,0 ,24 
2020,Sep 18 ,42 ,6 ,0 ,0 ,0 ,0 ,0 ,0 ,48 
2020,Sep 17 ,27 ,5 ,1 ,1 ,0 ,0 ,0 ,0 ,34 
2020,Sep 16 ,32 ,9 ,-1 ,1 ,0 ,0 ,0 ,0 ,41 
2020,Sep 15 ,39 ,6 ,1 ,0 ,0 ,0 ,0 ,0 ,46 
2020,Sep 14 ,37 ,4 ,0 ,0 ,0 ,0 ,0 ,0 ,41 
2020,Sep 13 ,35 ,9 ,0 ,0 ,0 ,0 ,0 ,0 ,44 
2020,Sep 12 ,33 ,5 ,4 ,0 ,0 ,0 ,0 ,0 ,42 
2020,Sep 11 ,39 ,10 ,2 ,0 ,1 ,0 ,0 ,0 ,52 
2020,Sep 10 ,40 ,7 ,0 ,1 ,0 ,0 ,0 ,0 ,48 
2020,Sep 9 ,73 ,9 ,9 ,0 ,0 ,0 ,0 ,0 ,91 
2020,Sep 8 ,41 ,8 ,1 ,1 ,1 ,0 ,0 ,0 ,52 
2020,Sep 7 ,36 ,4 ,2 ,1 ,0 ,0 ,0 ,0 ,43 
2020,Sep 6 ,59 ,10 ,2 ,1 ,0 ,0 ,0 ,0 ,72 
2020,Sep 5 ,64 ,5 ,1 ,0 ,1 ,0 ,0 ,0 ,71 
2020,Sep 4 ,79 ,8 ,0 ,0 ,0 ,0 ,0 ,0 ,87 
2020,Sep 3 ,112 ,12 ,2 ,0 ,0 ,0 ,0 ,0 ,126 
2020,Sep 2 ,86 ,16 ,2 ,0 ,0 ,0 ,0 ,0 ,104 
2020,Sep 1 ,58 ,13 ,2 ,0 ,0 ,0 ,0 ,0 ,73 
2020,Aug 31 ,65 ,10 ,1 ,0 ,0 ,0 ,0 ,0 ,76 
2020,Aug 30 ,112 ,7 ,4 ,0 ,0 ,0 ,0 ,0 ,123 
2020,Aug 29 ,81 ,14 ,4 ,0 ,0 ,0 ,0 ,0 ,99 
2020,Aug 28 ,108 ,13 ,3 ,2 ,0 ,0 ,0 ,0 ,126 
2020,Aug 27 ,106 ,9 ,2 ,0 ,0 ,0 ,0 ,0 ,117 
2020,Aug 26 ,144 ,6 ,2 ,0 ,0 ,0 ,0 ,0 ,152 
2020,Aug 25 ,134 ,3 ,0 ,0 ,0 ,0 ,0 ,0 ,137 
2020,Aug 24 ,99 ,3 ,1 ,1 ,0 ,0 ,0 ,0 ,104 
2020,Aug 23 ,202 ,4 ,2 ,1 ,1 ,0 ,0 ,0 ,210 
2020,Aug 22 ,177 ,9 ,9 ,0 ,0 ,0 ,0 ,0 ,195 
2020,Aug 21 ,169 ,1 ,1 ,0 ,0 ,0 ,0 ,0 ,171 
2020,Aug 20 ,237 ,5 ,1 ,0 ,0 ,0 ,0 ,0 ,243 
2020,Aug 19 ,208 ,7 ,1 ,4 ,0 ,0 ,0 ,0 ,220 
2020,Aug 18 ,211 ,2 ,0 ,1 ,0 ,0 ,0 ,0 ,214 
2020,Aug 17 ,263 ,7 ,0 ,0 ,1 ,0 ,0 ,0 ,271 
2020,Aug 16 ,247 ,5 ,0 ,0 ,1 ,0 ,0 ,0 ,253 
2020,Aug 15 ,283 ,9 ,-1 ,1 ,0 ,0 ,0 ,0 ,292 
2020,Aug 14 ,371 ,9 ,3 ,1 ,1 ,0 ,0 ,0 ,385 
2020,Aug 13 ,217 ,12 ,0 ,2 ,0 ,0 ,0 ,0 ,231 
2020,Aug 12 ,395 ,18 ,0 ,0 ,0 ,0 ,0 ,0 ,413 
2020,Aug 11 ,294 ,22 ,0 ,0 ,0 ,1 ,0 ,0 ,317 
2020,Aug 10 ,298 ,14 ,1 ,0 ,0 ,0 ,0 ,0 ,313 
2020,Aug 9 ,376 ,10 ,0 ,0 ,0 ,0 ,0 ,0 ,386 
2020,Aug 8 ,416 ,9 ,1 ,0 ,0 ,0 ,0 ,0 ,426 
2020,Aug 7 ,398 ,10 ,-1 ,0 ,2 ,0 ,0 ,0 ,409 
2020,Aug 6 ,434 ,12 ,0 ,-28 ,1 ,0 ,0 ,0 ,419 
2020,Aug 5 ,700 ,11 ,3 ,1 ,-1 ,0 ,0 ,0 ,714 
2020,Aug 4 ,398 ,12 ,0 ,0 ,2 ,0 ,0 ,0 ,412 
2020,Aug 3 ,380 ,13 ,0 ,0 ,2 ,0 ,0 ,0 ,395 
2020,Aug 2 ,626 ,11 ,1 ,1 ,2 ,0 ,0 ,0 ,641 
2020,Aug 1 ,354 ,17 ,1 ,2 ,1 ,0 ,0 ,1 ,376 
2020,Jul 31 ,579 ,20 ,1 ,1 ,1 ,0 ,0 ,1 ,603 
2020,Jul 30 ,694 ,18 ,3 ,4 ,1 ,0 ,0 ,0 ,720 
2020,Jul 29 ,255 ,19 ,3 ,2 ,0 ,0 ,0 ,0 ,279 
2020,Jul 28 ,353 ,14 ,0 ,1 ,1 ,0 ,0 ,0 ,369 
2020,Jul 27 ,515 ,17 ,0 ,0 ,0 ,0 ,0 ,0 ,532 
2020,Jul 26 ,437 ,14 ,0 ,2 ,0 ,0 ,0 ,0 ,453 
2020,Jul 25 ,339 ,14 ,0 ,2 ,0 ,0 ,0 ,0 ,355 
2020,Jul 24 ,280 ,7 ,2 ,0 ,0 ,0 ,0 ,0 ,289 
2020,Jul 23 ,386 ,19 ,1 ,3 ,1 ,0 ,0 ,0 ,410 
2020,Jul 22 ,450 ,15 ,1 ,0 ,2 ,0 ,0 ,0 ,468 
2020,Jul 21 ,347 ,11 ,0 ,0 ,0 ,0 ,0 ,0 ,358 
2020,Jul 20 ,246 ,20 ,1 ,0 ,0 ,1 ,0 ,0 ,268 
2020,Jul 19 ,343 ,18 ,0 ,0 ,0 ,0 ,0 ,0 ,361 
2020,Jul 18 ,188 ,15 ,0 ,3 ,0 ,0 ,0 ,0 ,206 
2020,Jul 17 ,415 ,8 ,0 ,2 ,0 ,0 ,0 ,0 ,425 
2020,Jul 16 ,302 ,10 ,0 ,2 ,1 ,0 ,0 ,0 ,315 
2020,Jul 15 ,224 ,12 ,0 ,8 ,0 ,0 ,0 ,0 ,244 
2020,Jul 14 ,257 ,13 ,0 ,1 ,0 ,0 ,0 ,0 ,271 
2020,Jul 13 ,168 ,14 ,1 ,0 ,0 ,0 ,0 ,0 ,183 
2020,Jul 12 ,239 ,4 ,0 ,1 ,0 ,0 ,0 ,0 ,244 
2020,Jul 11 ,181 ,7 ,2 ,4 ,0 ,0 ,0 ,0 ,194 
2020,Jul 10 ,281 ,14 ,0 ,3 ,0 ,0 ,1 ,1 ,300 
2020,Jul 9 ,156 ,13 ,0 ,3 ,0 ,0 ,1 ,0 ,173 
2020,Jul 8 ,118 ,7 ,0 ,3 ,0 ,0 ,3 ,0 ,131 
2020,Jul 7 ,164 ,4 ,1 ,0 ,0 ,0 ,0 ,0 ,169 
2020,Jul 6 ,124 ,10 ,0 ,3 ,0 ,0 ,0 ,0 ,137 
2020,Jul 5 ,67 ,14 ,0 ,6 ,0 ,0 ,0 ,0 ,87 
2020,Jul 4 ,101 ,5 ,0 ,1 ,0 ,0 ,0 ,0 ,107 
2020,Jul 3 ,65 ,0 ,0 ,0 ,0 ,0 ,0 ,0 ,65 
2020,Jul 2 ,72 ,8 ,0 ,0 ,0 ,0 ,0 ,1 ,81 
2020,Jul 1 ,72 ,14 ,0 ,0 ,0 ,0 ,0 ,0 ,86 
2020,Jun 30 ,60 ,5 ,0 ,2 ,0 ,0 ,0 ,0 ,67 
2020,Jun 29 ,71 ,7 ,0 ,0 ,3 ,0 ,0 ,0 ,81 
2020,Jun 28 ,41 ,3 ,0 ,1 ,0 ,0 ,0 ,0 ,45 
2020,Jun 27 ,40 ,6 ,0 ,0 ,0 ,0 ,0 ,0 ,46 
2020,Jun 26 ,30 ,6 ,1 ,0 ,0 ,0 ,0 ,0 ,37 
2020,Jun 25 ,33 ,3 ,0 ,1 ,0 ,0 ,0 ,0 ,37 
2020,Jun 24 ,20 ,9 ,0 ,0 ,0 ,0 ,0 ,0 ,29 
2020,Jun 23 ,17 ,-1 ,0 ,2 ,0 ,0 ,0 ,0 ,18 
2020,Jun 22 ,11 ,2 ,0 ,0 ,0 ,0 ,0 ,0 ,13 
2020,Jun 21 ,19 ,5 ,0 ,1 ,0 ,0 ,0 ,0 ,25 
2020,Jun 20 ,25 ,1 ,0 ,1 ,0 ,0 ,0 ,0 ,27 
2020,Jun 19 ,12 ,6 ,0 ,0 ,0 ,0 ,0 ,0 ,18 
2020,Jun 18 ,18 ,2 ,0 ,1 ,0 ,0 ,0 ,0 ,21 
2020,Jun 17 ,21 ,1 ,1 ,0 ,0 ,0 ,0 ,0 ,23 
2020,Jun 16 ,9 ,3 ,0 ,0 ,0 ,0 ,0 ,0 ,12 
2020,Jun 15 ,12 ,3 ,0 ,0 ,0 ,0 ,0 ,0 ,15 
2020,Jun 14 ,9 ,9 ,0 ,0 ,0 ,0 ,0 ,0 ,18 
2020,Jun 13 ,8 ,3 ,1 ,0 ,0 ,0 ,0 ,0 ,12 
2020,Jun 12 ,4 ,-1 ,1 ,1 ,0 ,0 ,0 ,0 ,5 
2020,Jun 11 ,8 ,0 ,1 ,0 ,0 ,0 ,0 ,0 ,9 
2020,Jun 10 ,4 ,3 ,0 ,2 ,0 ,0 ,0 ,0 ,9 
2020,Jun 9 ,0 ,2 ,0 ,0 ,0 ,0 ,0 ,0 ,2 
2020,Jun 8 ,2 ,3 ,0 ,0 ,0 ,0 ,0 ,0 ,5 
2020,Jun 7 ,4 ,-1 ,1 ,0 ,0 ,0 ,1 ,0 ,5 
2020,Jun 6 ,0 ,0 ,1 ,3 ,0 ,0 ,0 ,0 ,4 
2020,Jun 5 ,3 ,4 ,0 ,4 ,0 ,0 ,0 ,0 ,11 
2020,Jun 4 ,8 ,2 ,1 ,0 ,0 ,0 ,0 ,0 ,11 
2020,Jun 3 ,7 ,0 ,0 ,1 ,0 ,0 ,0 ,0 ,8 
2020,Jun 2 ,10 ,6 ,1 ,0 ,0 ,0 ,0 ,0 ,17 
2020,Jun 1 ,4 ,3 ,0 ,2 ,0 ,0 ,0 ,0 ,9 
2020,May 31 ,4 ,3 ,0 ,3 ,0 ,0 ,0 ,0 ,10 
2020,May 30 ,11 ,0 ,0 ,1 ,0 ,0 ,0 ,0 ,12 
2020,May 29 ,6 ,2 ,0 ,8 ,0 ,0 ,0 ,0 ,16 
2020,May 28 ,10 ,1 ,0 ,7 ,0 ,0 ,0 ,0 ,18 
2020,May 27 ,8 ,-3 ,1 ,0 ,0 ,0 ,0 ,0 ,6 
2020,May 26 ,5 ,2 ,1 ,6 ,1 ,0 ,0 ,0 ,15 
2020,May 25 ,2 ,3 ,-5 ,4 ,0 ,0 ,0 ,0 ,4 
2020,May 24 ,1 ,1 ,1 ,0 ,0 ,0 ,0 ,0 ,3 
2020,May 23 ,9 ,2 ,2 ,3 ,0 ,0 ,0 ,0 ,16 
2020,May 22 ,12 ,2 ,0 ,0 ,0 ,0 ,0 ,0 ,14 
2020,May 21 ,1 ,1 ,0 ,0 ,0 ,0 ,0 ,0 ,2 
2020,May 20 ,7 ,3 ,1 ,0 ,0 ,0 ,0 ,0 ,11 
2020,May 19 ,6 ,2 ,0 ,0 ,0 ,0 ,0 ,0 ,8 
2020,May 18 ,9 ,1 ,2 ,1 ,0 ,0 ,0 ,0 ,13 
2020,May 17 ,7 ,1 ,0 ,1 ,0 ,0 ,0 ,0 ,9 
2020,May 16 ,11 ,3 ,1 ,1 ,0 ,0 ,0 ,0 ,16 
2020,May 15 ,20 ,8 ,2 ,0 ,0 ,1 ,0 ,0 ,31 
2020,May 14 ,8 ,4 ,1 ,1 ,0 ,0 ,0 ,0 ,14 
2020,May 13 ,5 ,6 ,0 ,0 ,0 ,0 ,0 ,0 ,11 
2020,May 12 ,11 ,0 ,6 ,1 ,0 ,0 ,0 ,0 ,18 
2020,May 11 ,7 ,0 ,0 ,0 ,0 ,0 ,0 ,0 ,7 
2020,May 10 ,10 ,2 ,0 ,0 ,0 ,0 ,0 ,0 ,12 
2020,May 9 ,11 ,4 ,0 ,0 ,0 ,0 ,0 ,0 ,15 
2020,May 8 ,13 ,3 ,0 ,1 ,0 ,0 ,0 ,0 ,17 
2020,May 7 ,15 ,2 ,2 ,0 ,1 ,2 ,0 ,0 ,22 
2020,May 6 ,17 ,7 ,0 ,0 ,0 ,0 ,0 ,0 ,24 
2020,May 5 ,17 ,2 ,5 ,0 ,0 ,2 ,0 ,0 ,26 
2020,May 4 ,22 ,-2 ,3 ,0 ,0 ,0 ,1 ,0 ,24 
2020,May 3 ,13 ,4 ,1 ,0 ,0 ,0 ,0 ,0 ,18 
2020,May 2 ,7 ,6 ,1 ,0 ,0 ,0 ,0 ,2 ,16 
2020,May 1 ,3 ,9 ,0 ,0 ,0 ,0 ,0 ,0 ,12 
2020,Apr 30 ,7 ,0 ,-1 ,0 ,0 ,2 ,0 ,0 ,8 
2020,Apr 29 ,3 ,7 ,1 ,1 ,0 ,1 ,0 ,0 ,13 
2020,Apr 28 ,2 ,5 ,0 ,1 ,0 ,4 ,0 ,0 ,12 
2020,Apr 27 ,0 ,2 ,3 ,0 ,0 ,2 ,0 ,0 ,7 
2020,Apr 26 ,3 ,8 ,4 ,0 ,0 ,4 ,0 ,0 ,19 
2020,Apr 25 ,3 ,12 ,0 ,1 ,0 ,1 ,1 ,0 ,18 
2020,Apr 24 ,6 ,6 ,0 ,2 ,0 ,2 ,1 ,0 ,17 
2020,Apr 23 ,1 ,5 ,2 ,0 ,0 ,0 ,0 ,0 ,8 
2020,Apr 22 ,0 ,2 ,0 ,0 ,1 ,4 ,0 ,0 ,7 
2020,Apr 21 ,7 ,6 ,5 ,1 ,2 ,1 ,0 ,0 ,22 
2020,Apr 20 ,1 ,6 ,0 ,0 ,0 ,5 ,1 ,0 ,13 
2020,Apr 19 ,9 ,21 ,5 ,1 ,0 ,9 ,0 ,0 ,45 
2020,Apr 18 ,17 ,10 ,7 ,3 ,0 ,4 ,0 ,0 ,41 
2020,Apr 17 ,1 ,29 ,6 ,6 ,1 ,4 ,0 ,0 ,47 
2020,Apr 16 ,2 ,11 ,2 ,3 ,1 ,11 ,0 ,0 ,30 
2020,Apr 15 ,8 ,205 ,1 ,5 ,0 ,4 ,0 ,0 ,223 
2020,Apr 14 ,10 ,7 ,11 ,4 ,2 ,15 ,0 ,0 ,49 
2020,Apr 13 ,13 ,9 ,4 ,6 ,2 ,6 ,1 ,0 ,41 
2020,Apr 12 ,3 ,-3 ,9 ,3 ,0 ,11 ,-1 ,0 ,22 
2020,Apr 11 ,24 ,35 ,9 ,8 ,1 ,11 ,0 ,0 ,88 
2020,Apr 10 ,13 ,49 ,12 ,11 ,7 ,11 ,3 ,0 ,106 
2020,Apr 9 ,16 ,39 ,10 ,14 ,1 ,4 ,1 ,0 ,85 
2020,Apr 8 ,21 ,48 ,9 ,11 ,5 ,9 ,2 ,0 ,105 
2020,Apr 7 ,33 ,49 ,13 ,10 ,4 ,9 ,1 ,0 ,119 
2020,Apr 6 ,23 ,57 ,14 ,7 ,2 ,3 ,0 ,0 ,106 
2020,Apr 5 ,20 ,87 ,7 ,17 ,2 ,4 ,3 ,1 ,141 
2020,Apr 4 ,30 ,104 ,27 ,14 ,11 ,2 ,2 ,4 ,194 
2020,Apr 3 ,49 ,91 ,38 ,22 ,11 ,6 ,4 ,1 ,222 
2020,Apr 2 ,68 ,116 ,54 ,8 ,18 ,3 ,3 ,2 ,272 
2020,Apr 1 ,51 ,150 ,38 ,28 ,30 ,2 ,4 ,0 ,303 
2020,Mar 31 ,96 ,114 ,54 ,9 ,32 ,0 ,2 ,4 ,311 
2020,Mar 30 ,52 ,127 ,33 ,44 ,6 ,3 ,1 ,0 ,266 
2020,Mar 29 ,84 ,174 ,31 ,33 ,12 ,4 ,6 ,0 ,344 
2020,Mar 28 ,111 ,212 ,70 ,23 ,30 ,4 ,9 ,1 ,460 
2020,Mar 27 ,54 ,186 ,62 ,24 ,22 ,11 ,9 ,2 ,370 
2020,Mar 26 ,54 ,190 ,50 ,26 ,38 ,5 ,9 ,7 ,379 
2020,Mar 25 ,55 ,211 ,46 ,30 ,27 ,6 ,5 ,0 ,380 
2020,Mar 24 ,56 ,149 ,78 ,35 ,36 ,8 ,7 ,0 ,369 
2020,Mar 23 ,59 ,136 ,60 ,20 ,34 ,6 ,13 ,0 ,328 
2020,Mar 22 ,67 ,97 ,38 ,30 ,33 ,6 ,10 ,0 ,281 
2020,Mar 21 ,51 ,83 ,37 ,26 ,17 ,6 ,3 ,2 ,225 
2020,Mar 20 ,28 ,46 ,40 ,12 ,8 ,0 ,2 ,2 ,138 
2020,Mar 19 ,29 ,40 ,50 ,17 ,5 ,0 ,1 ,0 ,142 
2020,Mar 18 ,27 ,57 ,16 ,4 ,5 ,3 ,1 ,0 ,113 
2020,Mar 17 ,23 ,39 ,10 ,3 ,3 ,0 ,0 ,0 ,78 
2020,Mar 16 ,14 ,37 ,7 ,10 ,9 ,1 ,1 ,0 ,79 
2020,Mar 15 ,8 ,22 ,15 ,1 ,1 ,0 ,0 ,0 ,47 
2020,Mar 14 ,13 ,20 ,11 ,3 ,3 ,2 ,0 ,0 ,52 
2020,Mar 13 ,9 ,14 ,8 ,5 ,4 ,1 ,0 ,0 ,41 
2020,Mar 12 ,6 ,13 ,7 ,0 ,5 ,0 ,1 ,0 ,32 
2020,Mar 11 ,3 ,4 ,2 ,3 ,0 ,1 ,0 ,0 ,13 
2020,Mar 10 ,3 ,14 ,3 ,0 ,0 ,0 ,0 ,0 ,20 
2020,Mar 9 ,3 ,7 ,0 ,2 ,0 ,0 ,0 ,0 ,12 
2020,Mar 8 ,1 ,4 ,1 ,1 ,0 ,0 ,0 ,0 ,7 
2020,Mar 7 ,1 ,8 ,0 ,0 ,0 ,1 ,0 ,0 ,10 
2020,Mar 6 ,0 ,3 ,1 ,0 ,0 ,0 ,0 ,0 ,4 
2020,Mar 5 ,0 ,3 ,2 ,1 ,0 ,0 ,0 ,0 ,6 
2020,Mar 4 ,1 ,7 ,1 ,0 ,0 ,0 ,0 ,1 ,10 
2020,Mar 3 ,0 ,6 ,1 ,0 ,0 ,0 ,0 ,0 ,7 
2020,Mar 2 ,0 ,4 ,0 ,0 ,0 ,1 ,0 ,0 ,5 
2020,Mar 1 ,2 ,1 ,0 ,0 ,5 ,0 ,0 ,0 ,8 
2020,Feb 29 ,0 ,0 ,0 ,0 ,0 ,0 ,0 ,0 ,0 
2020,Feb 28 ,0 ,0 ,1 ,1 ,0 ,0 ,0 ,0 ,2 
2020,Feb 27 ,3 ,0 ,0 ,0 ,0 ,0 ,0 ,0 ,3 
2020,Feb 26 ,0 ,0 ,0 ,0 ,0 ,0 ,0 ,0 ,0 
2020,Feb 25 ,0 ,0 ,0 ,0 ,0 ,0 ,0 ,0 ,0 
2020,Feb 24 ,0 ,0 ,0 ,0 ,0 ,0 ,0 ,0 ,0 
2020,Feb 23 ,0 ,0 ,0 ,0 ,0 ,0 ,0 ,0 ,0 
2020,Feb 22 ,0 ,0 ,1 ,0 ,0 ,0 ,0 ,0 ,1 
2020,Feb 21 ,0 ,0 ,2 ,1 ,0 ,0 ,0 ,0 ,3 
2020,Feb 20 ,0 ,0 ,0 ,0 ,0 ,0 ,0 ,0 ,0 
2020,Feb 19 ,0 ,0 ,0 ,0 ,0 ,0 ,0 ,0 ,0 
2020,Feb 18 ,0 ,0 ,0 ,0 ,0 ,0 ,0 ,0 ,0 
2020,Feb 17 ,0 ,0 ,0 ,0 ,0 ,0 ,0 ,0 ,0 
2020,Feb 16 ,0 ,0 ,0 ,0 ,0 ,0 ,0 ,0 ,0 
2020,Feb 15 ,0 ,0 ,0 ,0 ,0 ,0 ,0 ,0 ,0 
2020,Feb 14 ,0 ,0 ,0 ,0 ,0 ,0 ,0 ,0 ,0 
2020,Feb 13 ,0 ,0 ,0 ,0 ,0 ,0 ,0 ,0 ,0 
2020,Feb 12 ,0 ,0 ,0 ,0 ,0 ,0 ,0 ,0 ,0 
2020,Feb 11 ,0 ,0 ,0 ,0 ,0 ,0 ,0 ,0 ,0 
2020,Feb 10 ,0 ,0 ,0 ,0 ,0 ,0 ,0 ,0 ,0 
2020,Feb 9 ,0 ,0 ,0 ,0 ,0 ,0 ,0 ,0 ,0 
2020,Feb 8 ,0 ,0 ,0 ,0 ,0 ,0 ,0 ,0 ,0 
2020,Feb 7 ,0 ,0 ,0 ,0 ,0 ,0 ,0 ,0 ,0 
2020,Feb 6 ,0 ,0 ,1 ,0 ,0 ,0 ,0 ,0 ,1 
2020,Feb 5 ,0 ,0 ,1 ,0 ,0 ,0 ,0 ,0 ,1 
2020,Feb 4 ,0 ,0 ,1 ,0 ,0 ,0 ,0 ,0 ,1 
2020,Feb 3 ,0 ,0 ,0 ,0 ,0 ,0 ,0 ,0 ,0 
2020,Feb 2 ,0 ,0 ,0 ,0 ,2 ,0 ,0 ,0 ,2 
2020,Feb 1 ,1 ,0 ,0 ,0 ,0 ,0 ,0 ,0 ,1 
2020,Jan 31 ,0 ,0 ,0 ,0 ,0 ,0 ,0 ,0 ,0 
2020,Jan 30 ,0 ,0 ,0 ,0 ,0 ,0 ,0 ,0 ,0 
2020,Jan 29 ,2 ,0 ,2 ,0 ,0 ,0 ,0 ,0 ,4 
2020,Jan 28 ,0 ,0 ,0 ,0 ,0 ,0 ,0 ,0 ,0 
2020,Jan 27 ,0 ,1 ,0 ,0 ,0 ,0 ,0 ,0 ,1 
2020,Jan 26 ,0 ,3 ,0 ,0 ,0 ,0 ,0 ,0 ,3 
2020,Jan 25 ,1 ,0 ,0 ,0 ,0 ,0 ,0 ,0 ,1 
